<?xml version="1.0" encoding="UTF-8"?>
<beans xmlns="http://www.springframework.org/schema/beans" 
	xmlns:xsi="http://www.w3.org/2001/XMLSchema-instance"
	xmlns:context="http://www.springframework.org/schema/context" 
	xmlns:jdbc="http://www.springframework.org/schema/jdbc"  
	xmlns:jee="http://www.springframework.org/schema/jee" 
	xmlns:tx="http://www.springframework.org/schema/tx"
	xmlns:aop="http://www.springframework.org/schema/aop" 
	xmlns:mvc="http://www.springframework.org/schema/mvc"
	xmlns:util="http://www.springframework.org/schema/util"
	xmlns:jpa="http://www.springframework.org/schema/data/jpa"
	xsi:schemaLocation="
		http://www.springframework.org/schema/beans http://www.springframework.org/schema/beans/spring-beans-3.2.xsd
		http://www.springframework.org/schema/context http://www.springframework.org/schema/context/spring-context-3.2.xsd
		http://www.springframework.org/schema/jdbc http://www.springframework.org/schema/jdbc/spring-jdbc-3.2.xsd
		http://www.springframework.org/schema/jee http://www.springframework.org/schema/jee/spring-jee-3.2.xsd
		http://www.springframework.org/schema/tx http://www.springframework.org/schema/tx/spring-tx-3.2.xsd
		http://www.springframework.org/schema/data/jpa http://www.springframework.org/schema/data/jpa/spring-jpa-1.3.xsd
		http://www.springframework.org/schema/aop http://www.springframework.org/schema/aop/spring-aop-3.2.xsd
		http://www.springframework.org/schema/mvc http://www.springframework.org/schema/mvc/spring-mvc-3.2.xsd
		http://www.springframework.org/schema/util http://www.springframework.org/schema/util/spring-util-3.2.xsd">
	
	<!-- 组件扫描 -->
	<!-- base-package：根包 -->
	<context:component-scan 
		base-package="cn.tedu.spring" />
		
	<!-- ViewResolver：视图解析器 -->
	<bean class="org.springframework.web.servlet.view.InternalResourceViewResolver">
		<!-- 前缀 -->
		<property name="prefix"
			value="/WEB-INF/" />
		<!-- 后缀 -->
		<property name="suffix"
			value=".jsp" />
	</bean>
	
	<!-- 注解驱动 -->
	<mvc:annotation-driven />
	
	<!-- 拦截器链 -->
	<mvc:interceptors>
		<!-- 第1个拦截器 -->
		<mvc:interceptor>
			<!-- 拦截路径 -->
			<mvc:mapping path="/user/index.do"/>
			<!-- 拦截器类 -->
			<bean class="cn.tedu.spring.interceptor.LoginInterceptor"></bean>
		</mvc:interceptor>
		<!-- 第2个拦截器 -->
		<!-- 第3个拦截器 -->
		<!-- 第N个拦截器 -->
	</mvc:interceptors>
	
	
</beans>







